[null,{"name":"help","permissions":"NONE","restriction":"1","actions":[{"channel":"0","varName":"","message":"Komendy :\n!!mute @nick\n!!unmute @nick\n!!kick @nick\n!!ban @nick\n!!unban @nick","storage":"0","varName2":"","iffalse":"0","iffalseVal":"","name":"Send Message"}]},{"name":"kick","permissions":"KICK_MEMBERS","restriction":"1","actions":[{"member":"0","varName":"","reason":"","name":"Kick Member"},{"channel":"0","varName":"","message":"${member} wyrzucił z serwera ${mentionedUser}","storage":"0","varName2":"","iffalse":"0","iffalseVal":"","name":"Send Message"}]}]